*PRE,et partout sur les visages dans les mille bruits familiers de la rue de la joie de vivre
*PRE,il y a des jours ainsi où l' existence est moins quotidienne et où les passants sur les trottoirs les tramways et les autos semblent jouer leur rôle dans une féerie 
*PRE,c' était le vingt+sept juin quand Maigret arriva à la poterne de la santé le fonctionnaire attendri regardait un chat blanc qui jouait avec le chien de la crémière
*PRE, il doit y avoir des jours aussi où les pavés sont plus sonores
*PRE,les pas de Maigret résonnèrent dans la cour immense
*PRE,au bout d' un couloir il interrogea un gardien
*PRE,il a appris
*PRE,pas encore
*PRE,Georges+Simenon et la guinguette à deux sous une enquête du commissaire maigret librairie Arthème+Fayard 1931
*PRE,métropolitain les jeudi de l'architecture 
*PRE,nous retrouvons aujourd'hui Roland+Castro
*PRE,l' architecte Roland+Castro
*PRE,non pas qu' il aurait souscrit un abonnement dans cette émission mais nous l' avions déjà par deux fois invité
*PRE,et par deux fois un déferlement un torrent d' actualité avait réduit à peau de chagrin le temps que nous lui consacrions 
*PRE,nous avions en deux émissions à peine abordé ses origines
*PRE,ses origines sociales notamment on parlait de sa jeunesse de son gauchisme et de sa psychanalyse
*PRE,aujourd'hui nous passerons au vif du sujet et ce sera à propos de son architecture
*PRE,Roland Ricardo+Porro que nous rencontrions il y a trois semaines 
*PRE,considération pour sa propre architecture comme romantique et Castro aussi la sienne pour romanesque
*PRE,il nous dira ce qu'il entend par là
*PRE,et puis ce sera surtout bien sûr à propos d' urbanisme
*PRE,du remodelage des grands ensembles
*PRE,de Banlieues+89
*PRE,et évidemment du Grand Paris 
*PRE,une petite affaire de HLM à Courcouronnes 
*PRE,certains échanges sur internet depuis quelques jours posent une fois de plus la question de la démolition des grands ou des petits ensembles de logements sociaux
*PRE,le destin des immeubles notamment en banlieue est parfois cruel pour leurs habitants mais aussi pour leurs architectes 
*PRE,notamment depuis que les nouvelles procédures de la rénovation urbaine
*PRE,ce qu'on appelle Anru A N R U
*PRE,préconisent et financent la démolition au nom de divers critères
*PRE,critères sociaux critères de désenclavement puis parfois critères de police ou de surveillance critères de sécurité 
*PRE,un édifice qui figure dans le catalogue de l' exposition du Pavillon de l' Arsenal sur les années quatre+vingts va en faire les frais
*PRE,il faudra réimprimer la page cent+quarante+neuf de cet ouvrage qui est à peine paru
*PRE,il s' agit d' un groupe de quatre+vingts logements construits par Paul+Chemetov dans la Zac du canal à Courcouronnes c' est+à+dire dans la ville nouvelle d' Evry 
*PRE,un immeuble dans le style rigoriste de ce concepteur avec une colonnade de trois niveaux abritant des commerçants au rez+de+chaussée 
*PRE,et une grande traversée monumentale ce qu' on appelait à l' époque une fenêtre urbaine
*PRE,ce quartier avait bouleversé l' hôpital d' Adrien+Fainsilber qui était très célèbre en son temps remplacé par un écoquartier 
*PRE,et l' immeuble en question percuté de plein fouet par un mail planté 
*PRE,la visite du site internet de la mairie fait apparaître quelques paradoxes
*PRE,par exemple qu' une place qu' on avait anciennement nommé la Place des Copains d'Abord
*PRE,un côté un peu bonhomme et puis un square qui s'appelait le Square de la Brave Margot ont été résidentialisés
*PRE,ça veut dire quoi résidentialiser ça veut dire qu'on y a installé des grilles imperméables
*PRE,et que ce sera les copains d' abord en quelque sorte mais entre eux entre eux seuls
*PRE,je me moque bien sûr mais les questions de sécurité sont pas négligeables
*PRE,mais c'est toujours assez attristant de voir une place les copains d' abord devenir entourée de grilles 
*PRE,autre paradoxe
*PRE,sur le site municipal de la ville de Courcouronnes figurent vingt+et+une image en quelque sorte et cartes postales de Courcouronnes
*PRE,les sculptures début du clocher
*PRE,la grosse Ferme du Bois Briard le fameux canal qui a donné son nom à la Zac du canal
*PRE,des pavillons sous la neige
*PRE,et parmi ces vingt+et+une images cinq vues de groupes de logements collectifs donc une carte postale sur quatre 
*PRE,deux figurent le magnifique ensemble d'Henri+Ciriani un des plus beaux des années quatre+vingts
*PRE,et une le complexe de Chemetov celui là même qu' on va détruire prochainement
*PRE,on détruit donc en quelque sorte une carte postale officielle de cette ville nouvelle 
*PRE,dernier paradoxe
*PRE,le maire se dit conscient de ce que la démolition est pour certains habitants très difficile 
*PRE,il souhaite les accompagner par un projet appelé mémoire de quartier qui leur permettra aux habitants je cite 
*PRE,de se remémorer ensemble l' histoire de leur immeuble à travers des groupes de parole mais également la réalisation d' un livret de témoignages
*PRE,ça se fait maintenant de façon commune dès qu' on détruit une barre on fait travailler les enfants ils font des dessins et puis on pleure ensemble 
*PRE,et le maire écrit à l'architecte à celui là même dont on va détruire l' immeuble donc
*PRE,pour l' inviter à contribuer à la réussite du projet et à bien vouloir se joindre au travail de deuil
*PRE,ça vous fait rire Roland+Castro on a détruit déjà des immeubles à vous ?
*PRE,un local collectif résidentiel
*PRE,attends un village solaire de de
*PRE,[!=rit] il vous faisait pas participer au travail de deuil ?
*PRE,les échanges dont je parlais sur internet à propos de la démolition réunissaient quelques architectes
*PRE,notamment des praticiens des banlieues et parmi eux l'urbaniste Christian+Devillers qui tenait un propos assez modéré comme souvent
*PRE,la ville écrivait+t+il est la plus merveilleuse des créations humaines parce qu' elle est à la fois permanence et substitution
*PRE,elle se renouvelle par parties en continuant d' accumuler de la valeur économique pratique et symbolique 
*PRE,ce qui ne fait pas un grand ensemble ni un secteur sauvegardé qui bien sûr n'accumule pas de grands choses
*PRE,j' ai été scandalisé par le mouvement d' opinions d' architectes contre l' ouverture d' une brèche d' un muraille des Courtillères à Pantin oeuvre d'Aillaud
*PRE,Aillaud qui s' était fait une spécialité de la négation de la vie quotidienne au nom d' idéaux artistiques faiblards
*PRE,je sais pas si vous rejoignez là Christian+Devillers sur cette ce jugement sur Aillaud
*PRE,c'est une sorte de petit parc grande pelouse avec des arbres
*PRE,vous xx ce qui a été fait 
*PRE,il faut bien dire quand même que cette cette grande boucle très longue elle fait beaucoup elle fait huit+cents mètres peut être des courtières avait une beauté plastique très grande 
*PRE,de Dubuisson que vous avez émietté et coupé
*PRE,bon revenons au Courcouronnes et revenons au à ce qu'écrit Christian+Devillers 
*PRE,nous sommes loin de ses excès et même à l' opposé il veut dire à Courcouronnes
*PRE,le bâtiment de Chemetov semble bien au service de ceux qui l'habitent et de la ville qui l' entoure qu' on nous démontre le contraire
*PRE, je ne pense pas que ce bon bâtiment soit pour autant un témoin irremplaçable de l architecture française des années quatre+vingts poursuit Devillers 
*PRE,je ne pense pas non plus que Chemetov ait passé sa vie à vouloir construire des monuments historiques
*PRE,en revanche il l'a passé à construire des logements pour des gens donnant la plus grande importance à la valeur d' usage
*PRE,et l' idée du classement n'a de sens que pour des bâtiments vraiment exceptionnels ou exemplaires
*PRE,il est absurde et dangereux de vouloir protéger tous les grands ensembles toutes les halles SERNAM tous les échangeurs d' autoroute toutes les usines en ruines
*PRE,je n' exagère pas dit Devillers
*PRE,l' avenir de la ville exige qu'elle ait de la mémoire mais la mémoire pour fonctionner avec l' intelligence doit être sélective 
*PRE,à quel endroit ? Marseille ?
*PRE,xxx ce classement il y a des gens qui qui renvoient à des valeurs différentes
*PRE,il y a par exemple des architectes ou des sociologues ou des gens de terrain qui disent attention vous créez une sorte de deuil rémédiable
*PRE,vous détruisez ce que les gens ont aimé
*PRE,alors ça c' est une des raisons de la résistance à la démolition à tout va
*PRE,la deuxième raison c' est une raison en effet patrimoniale qui est apparue tout à fait récemment il y a une dizaine d' années environ
*PRE,des historiens comme Gérard+Monnier par exemple ont commencé à dire les patrimoines des années soixante ont une certaine valeur artistique ou de témoignage
*PRE,il faut conserver comme objet historique  
*PRE,un intérêt aussi c'est que quand on regarde le modèle si on le fait avec soin et en y consacrant du temps on est confronté au destin des gens
*PRE,et donc en quelque sorte on travaille avec eux 
*PRE,789310_793540
*PRE,nous nous vous avions donc laissé Roland+Castro euh euh après avoir consacré deux courtes émissions à votre biographie 
*PRE,deux émissions en quelque sorte préliminaires à celle d' aujourd'hui
*PRE,nous avons nous vous avions laissé sur un moment de crise de dépression
*PRE,au moment de votre rupture avec le mouvement Vive+La+Révolution de sa dissolution
*PRE,et puis heureusement enfin le psychanalyste Lacan on était en 1971 1972 ça fait donc quarante ans
*PRE,un mot quand même sur Lacan
*PRE,j' ai reçu un une demande d'un auditeur monsieur Michel+Possompès
*PRE,qui souhaiterait que vous expliquiez la trilogie lacanienne réelle imaginaire symbole et l' usage que vous en faites en architecture 
*PRE,rapidement hein [!= rit]
*PRE,et en architecture ?
*PRE,de tête phallique ? de monuments de tête phallique ?
*PRE,parce qu'on parlait du nom du père mais
*PRE,on y viendra on va y venir tout à l'heure
*PRE,donc voilà pour pour Lacan
*PRE,et grâce à tout ça vous vous vous échappez un peu à votre dépression
*PRE, qui vous reprendra de temps en temps quand même grâce à dieu
*PRE,et puis vous reprenez vous reprenez votre métier de nègre de collaborateur d' architecte
*PRE,notamment euh bizarrement je suis allé chez un mec qui travaille pour le qui est qui est architecte divisionnaire de première classe à la préfecture de de police
*PRE,mais il a pas fait que ça parce qu' il a j' ai vu qu' il a fait
*PRE,il est toujours vivant hein je crois
*PRE,oui oui il s' appelle euh Xavier+Carnoy ouais c' est ça 
*PRE,il fait des sculptures animalières un peu à la façon de Pompon maintenant qui sont pas mal d'ailleurs
*PRE,mais c'est un il a travaillé pour Peugeot pour Bulle pour Legrand pour Kodak fin c'était un gros architecte
*PRE,bien donc il faut bien réentrer dans la vie active
*PRE,vous tentez de travailler avec tel ou tel des amis comme euh comme euh Petrovitch+Njegosh
*PRE,ou comme euh xxxx 
*PRE,ou comme ce groupe que vous avez créé avec d'autres xx xx xx
*PRE,et puis euh bon le groupe des sept
*PRE,vous c'est xx de de de venir encore dans une bande en fait
*PRE,vous n'êtes pas architecte solitaire
*PRE, vous cherchez des bandes ou des groupes
*PRE,critique du Monde
*PRE,en plus grand parfois
*PRE,ça a failli démarrer quoi
*PRE,mais ça a pas démarré
*PRE,que vous que vous perdez contre lui
*PRE,ce qu'on appelle l' Olympiade
*PRE,et puis la fac la tour la petite faculté de Tolbiac
*PRE,un peu ventru quand même votre projet par rapport au sien
*PRE,enfin vous faites quand même des des projets notamment ce projet
*PRE,que que j' ai massé qui est la bourse de travail de Saint+Denis qui est sur ce gros échangeur quand on arrive à Saint+Denis
*PRE,quatre+vingt+trois l' achèvement je crois avec Cimco mais enfin c' est c' est une oeuvre de vous ça principalement
*PRE,alors c' est une oeuvre assez curieuse parce qu' elle est elle est réminiscente un côté un peu constructiviste russe elle est un peu
*PRE,un peu colorée elle est un peu
*PRE,et trompette un peu
*PRE,mais à l'époque c' était pas qu'un parce que je me souviens xxx l' inauguration c' était en donc
*PRE,en 1983 au printemps peut être il y avait une grève euh
*PRE,de la de la compagnie des tabacs de la Seita
*PRE,et qu' ils avaient édité cette occasion à une série tout à fait étrange de gauloises rouge avec un paquet rouge
*PRE,que j' ai conservé je dois dire j'ai toujours un magnifique paquet rouge
*PRE,de quatre+vingt+trois de je ne sais quelle grève de la Seita
*PRE,cette architecture que vous qualifiez vous même un peu un peu de
*PRE,très narrative racontant plein de choses un peu un peu un peu profuses un peu compliquées
*PRE,un peu confuses aussi profuses et confuses peut être hein
*PRE,vous la dites aussi romanesque 
*PRE,justement ces petits bonheurs urbains chez vous ils sont souvent assez nostalgiques c' est le bonheur de l' avant+guerre c' est la banlieue c'est ces choses là
*PRE,un peu de x métallique un peu de brique un peu de de 
*PRE, ils sont extérieurs souvent la culture architecturale savante
*PRE,atemporel comme le petit bal fut temporel
*PRE,alors sous le hum 
*PRE,vous avez participé à beaucoup de de concours nationaux sous le premier septennat de Mitterrand en tout cas dans les débuts
*PRE, vous avez participé à tous l'institut du monde arabe le ministère des finances
*PRE,vous avez été mentionné 
*PRE, la tête Défense vous avez été mentionné c'est une sorte de Babel
*PRE, et le parc de la Villette elle a pas été mentionné la Villette
*PRE,donc vous avez failli être un architecte célèbre
*PRE, comme architecte 
*PRE,ah oui
*PRE,on va passer au calendrier puis on vous retrouve ensuite 
*PRE,quelques expositions d' abord à Nice une exposition du photographe Serge+Demailly qui est un photographe d'architecture de talent
*PRE, l' architecture contemporaine sur la Côte+d'+Azur c' est au forum d' urbanisme Cours+Saleya à Nice
*PRE,à Lisbonne une exposition des travaux d' un architecte j' aime beaucoup qui s'appelle Manuel+Vicente il est pas très connu chez nous mais enfin 
*PRE,il gagne à être connu il est né en 1934 ça a été un élève de Louis+Cane à Philadelphie
*PRE,il a un style très particulier c' est qu' il est établi entre le Portugal Madère Goa et surtout Macao
*PRE,Macao il y est depuis le début des années soixante 
*PRE,il a construit après périphérie de Lisbonne des des HLM très très brutalistes assez violents
*PRE,après la révolution des oeillets de 1973
*PRE,et puis il y a une chose qui est plus connue du tourisme qui est la surélévation la surélévation un peu maniériste un peu art nouveau
*PRE,d' un enfin néo art nouveau très précieuse en métal d' une de ses monuments historiques qui est en bas sur la sur la rive sur le quai
*PRE,qui s' appelle la Casa+de+los+Picos à Lisbonne qui est une maison avec des los picos les pointes une maison avec des des des pierres taillées en forme de pointe de diamants en quelque sorte 
*PRE,il a surtout été le l'adepte d' un art impur métissé assez joyeux coloré
*PRE,notamment quand il avait patronné une exposition au Centre+Pompidou il y a longtemps en 1983 consacrée à Macao
*PRE,et puis euh il a fait beaucoup de réactions dans cette ancienne colonie portugaise de Chine 
*PRE,à Paris au métro Pelleport une exposition est consacrée à l'architecte radical et artiste radical italien qui est né en 1950 à Bolzano
*PRE,qui s'appelle Gianni+Pettena et qui s' est voulu comme d' ailleurs euh un certain nombre d' autres dans ces mêmes années euh
*PRE,euh soixante+dix et quatre+vingts un architetto un architecte
*PRE,c' est dans une galerie qui s'appelle Mercier+et+Associés trois rue Dupont de l'Eure à Paris
*PRE,à Bordeaux centre d'art contemporain dans les entrepôts Lainé 
*PRE,une exposition traversant l' architecture qui est consacrée à l' oeuvre des architectes flamands Robbrecht et Daem Paul+Robbrecht et Hilde+Daem qui sont nés en 1950
*PRE,sont associés depuis 1975 trente+cinq ans maintenant 
*PRE,et dirigent une grosse équipe trente+cinq collaborateurs ils ont été lauréats d'un concours 
*PRE,pour les archives municipales de Bordeaux et qui qu' elle devrait déménager sur la rive droite dans une ancienne halle aux farines qui date du Second+Empire
*PRE,et sont les concepteurs d'un chai vini~ viticole quoi pour le Château+Le+Pin à Pomerol qui a été livré ou qui va être livré cet été 
*PRE,c' est à Arc+En+Rêve pour tout l' été
*PRE, ce soir d' ailleurs une conférence des deux architectes en ouverture de l' exposition à dix+huit heures trente à Arc+En+Rêve 
*PRE,après une autre une conférence ce soir encore d' un certain Robert+Max+Antoni qui est ingénieur architecte urbaniste en chef de l' Etat
*PRE,qui est président du séminaire Robert+Auzelle et qui parlera sur le thème vocabulaire français de l'art urbain 
*PRE,à l'académie d' architecture à dix+huit heures trente Place+Des+Vosges
*PRE,ce soir à Paris lancement d' un ouvrage très remarquable pour lequel nul doute on recevait l' auteur il y a trois semaines je crois Jean+Louis+Cohen
*PRE,cet extraordinaire livre qui s' appelle l' architecture en uniforme qui est paru chez Hazan et qui entend traiter ce que faisaient les architectes de de tous les pays
*PRE,en Allemagne en Union soviétique en Amérique durant la Seconde+Guerre+Mondiale
*PRE,c'est un ouvrage très important qui explique comment cette guerre a accéléré les processus de modernisation d' innovation de technologie qui dans les années cinquante ont mené à la suprématie de l' architecture moderne
*PRE,c'est à la librairie du Moniteur Place de l'Odéon à dix+neuf heures
*PRE,la Maison de l' architecture Ile+de+France organise un cycle d'événements sur le thème du remaniement territorial en Ile+De+France et mercredi prochain 
*PRE,une conférence sur Saclay un cluster
*PRE,petite x ville c' est à dix+neuf heures à la maison de l' architecture des Récollets 
*PRE,mercredi en Arles projection du film de Raphaele+Goulet sur les cités+dortoirs du Mexique Lucha Libre à l'espace Van+Gogh à dix+huit heures trente suivi d'une rencontre avec elle 
*PRE,et enfin euh le groupe d' architectes réunis sous le nom de French Touch qui s' était constitué en 2007 en réaction au prix de l'éclat d' argent décision du Moniteur
*PRE, et toute la polémique dont on se souvient qu' il s' en était suivie sur les architectures ordinaires opposées aux architectures gesticulantes lance ce soir ce jeudi son quatrième annuel optimiste d' architecture à vingt heures chez 
*PRE,Iguzzini c'est un marchand de lampe je crois d'électricité boulevard de la Bastille à Paris 
*PRE,venons en Roland Castro à ce qui a été l' une de vos activités principales en tant qu' architecte
*PRE, l' analyse et puis la transformation des grands ensembles 
*PRE,du temps de Giscard vous avez déjà eu une commande du ministère de l' équipement pour étudier dix grands ensembles français
*PRE,c' était en quelque sorte votre plongée analytique dans cette question
*PRE,ça remonte loin 
*PRE,avec un slogan le lieu plutôt que l' objet
*PRE,c'est un rez+de+chaussée qui fait poutre sur trois ou quatre mètres de haut c' est ça
*PRE,donc il est pas percé le rez+de+chaussée il est pas perçable
*PRE,mais un peu plus tôt vous aviez euh donc créé avec euh Cantal+Dupart le mouvement Banlieues+89 et puis en à l' automne quatre+vingt+trois 
*PRE,euh non euh vous avez une mission que vous confie Mitterrand
*PRE,quelques mois après que vous l' ayez c' était en juillet quatre+vingt+trois ans emmené sur le site de La+Courneuve
*PRE,il y avait d'ailleurs une chargée de mission de cette affaire là
*PRE, toute jeunette à l'époque
*PRE,vous vous souvenez non
*PRE,Ségolène Royal
*PRE,on va écouter le journal télévisé de Jean Peyzieu euh le deux juillet le vingt+sept juillet quatre+vingt+trois 
*PRE,ça fait presque trente ans et l' affaire n' est toujours pas finie c' est extrêmement long quand même 
*PRE,et ça c' est donc quelques jours après la visite de Mitterrand que que vous aviez suscité et voici à quel terme deux ans plus tard
*PRE,c était il y a cette fois le vingt+cinq juillet quatre+vingt+cinq 
*PRE,vous présentez Banlieues +89 au journal inter actualité à sept heures trente vous vous étiez levé tôt à cette époque là
*PRE,le l' émission la première qu'on a entendu là là l' extrait qu'on a entendu
*PRE,c'est une émission de Jean Peyzieu mais bien sûr la voix on l'a reconnue était celle de Poivre d' Arvor
*PRE,quel qu' avez vous retenu on est à maintenant à vingt+cinq ans vingt+six ans de cette déclaration de de vous là
*PRE,qu'avez+vous retenu de Banlieues+89 six ans après
*PRE,vous auriez aimé être ministre mais c'est Tapie qui était ministre 
*PRE,ah Delebarre
*PRE,oui auprès des femmes
*PRE,allez allez voir le nouveau film euh xx de Cavalier c' est exactement ce qu'il raconte
*PRE,les années à le le nouveau film euh je crois bien de cavaliers c' est exactement ce qui s' est vu ce que ça veut dire suarez ce qu' il doit être formulée et vous vous avez perçu le grand prix d' urbanisme ben ça c' est quelque chose d' extraordinaire 
*PRE,vous avez jamais reçu le grand prix d' urbanisme 
*PRE,c' est quelque chose d' extraordinaire 
*PRE,dernière séquence Roland+Castro le Grand Paris
*PRE,et d'abord des propos de vous assez anciens puisqu' ils remontent à un peu plus de vingt ans donc le Grand Paris n' existait pas c' était en mars soixante+neuf sur notre antenne france culture enchaîné avec le journal de euh de de du matin on vous écoute 
*PRE,
*PRE,voilà donc deux deux points de vue de mars quatre+vingt+neuf sur France Culture et de juillet quatre+vingt+neuf sur euh au journal d' interactualité
*PRE,on est donc euh dix+huit ans avant que Nicolas+Sarkozy lance le grand Paris 
*PRE,donc vous avez été une des dix équipes hum invitées à travailler 
*PRE,et euh je remarque on retrouve les mêmes thèmes dans dans l' actuelle géographie les reliefs la poésie des lieux
*PRE,donc vous n' avez pas changé vous ne vous êtes pas amélioré [!=rit]
*PRE,de Portzamparc oui
*PRE,et tous ou presque sont qu' on veut que de ce que la ville était peut être une sorte de magma un peu informe mais que c' était aussi une sorte de patchwork avec des tas de qualité
*PRE, vous vous employez le mot patchwork de nature baroque 
*PRE,une chose qui m' a frappé dans plusieurs des propositions du grand Paris c' est que autant les architectes autrefois était euh 
*PRE,étaient hostiles au chaos au désordre et à l'accumulation un peu irréfléchie des choses 
*PRE,autant aujourd'hui on sent que beaucoup d' architectes seraient prêt à dénormer c'est+à+dire faire sauter certaines normes ou certains règlements
*PRE,pour des qua~ que des quartiers qui sont étales depuis longtemps certains quartiers pavillonnaires sont étales depuis les années trente ils ne bougent pas ne se développent pas
*PRE,restent assez pauvres souvent du coup pour que tout ça se transforme et s' enrichisse et se densifie
*PRE,et ce mot de densification cette idée de densification qui était tout à fait tabou chez les décideurs chez les élus il y a sept ou huit ans 
*PRE,a l'air maintenant d' être tout à fait euh tout à fait acceptée par presque tous les décideurs sinon par l' opinion 
*PRE,oui
*PRE,nos auditeurs ne sont pas parisiens Roland
*PRE,xx aussi bien Santiago du Chili que
*PRE,Le+Monde d'aujourd'hui justement celui qui est daté de demain vendredi vingt+quatre juin euh publie une page entière sur euh disons une modification du code d'urbanisme qui est qui n' est pas encore effective mais qui devrait devenir effective peut+être en septembre
*PRE,et on y apprend qu' on pourra librement sans aucun dépôt de peine construire 
*PRE,euh construire quarante mètres carrés euh
*PRE,si on possède un pavillon par exemple quarante mètres carré sans demander l'avis de personne
*PRE,immédiatement tollé tollé des archives des bâtiments de France tollé aussi de l' ordre des architectes qui dit que le paysage va se dégrader 
*PRE,ils sont inquiets de la qualité du paysage banal 
*PRE,si le paysage banal va se dégrader si les gens construisent vingt quarante mètres carrés
*PRE,mais c' est dans le monde aujourd'hui oui
*PRE,alors qu' on a vu beaucoup de dessins par exemple de sous la plume de Yves+Lion
*PRE,oui montrer des des quartiers de banlieue qui supposent qu'en qu'en laissant construire des jolies xx d' abord ils gagnent du fric 
*PRE,et d'autre part ils réaniment le quartier un peu
*PRE,de ce travail de Banlieues+89 vous avez écrit ou dit il y a quelque temps que ça n' avait pas donné lieu à une bataille d' ego d' égotisme et de 
*PRE,une chose courante chez les architectes or pourtant vu du dehors beaucoup de gens ont le sentiment que les architectes en lice la plupart d' entre eux se partagent le morceau
*PRE, se partagent des pans des pans du territoire parisien que tel
*PRE,oui que tel va avoir Billancourt que tel va avoir La+Courneuve que tel
*PRE,faites place aux jeunes dis donc ça fait trente+cinq ans que vous êtes en place trente cinq ans qu' on pense surtout bon c' est pas c' est pas un obstacle que fait obstacle jeunes talents habille on peut vous pouvez raisonner comme ça mais c' est pas tellement de sujets euh on jean nouvel 
*PRE,vous faites obstacle que vous faites obstacle aux jeunes talents [!=rit]
*PRE,je vous offre un cadeau Roland+Castro et vous je vous laisserai deviner de qui est l' auteur c' est une citation que j'ai trouvé l' autre jour au hasard de mes lectures 
*PRE,c'est c' est un auteur que vous devez tout à fait aimer même peut être révérer ça commence comme ça 
*PRE,oh Grand Paris 
*PRE,oh Grand Paris lâches que nous étions nous parlions déjà de te quitter et de nous éloigner de tes faubourgs qu' on croyait morts
*PRE, pardon patrie de l' honneur cité du salut bivouac de révolution 
*PRE,quoi qu'il arrive dussions+nous être de nouveau vaincus et mourir demain notre génération est consolée
*PRE,nous sommes payés de vingt ans de défaites et d' angoisses clairons sonnez dans le vent tambours battez aux champs embrasse+moi camarade
*PRE,qui a comme moi les cheveux gris 
*PRE,et toi marmot qui jouait aux billes derrière la barricade viens que je t' embrasse aussi
*PRE,oh Grand Paris
*PRE,vous connaissez pas ce texte [!=rit]
*PRE,c'est vraiment un cadeau que je vous offre
*PRE,c'est Jules+Vallès c'est Jules+Vallès c'est dans l'Insurgé qui est paru donc en 1886 il y a bien longtemps et d' ailleurs Vallès était mort 
*PRE,l' année précédente 
*PRE,on va terminer Roland+Castro par la même chanson que dans votre récent ouvrage
*PRE,chanson que je sais que vous citez pour qu'on la démente l'autre fois je crois qu'on l'avait passé par Barbara on va la passer par celui qui l'a mise en musique
*PRE,c' est Georges+Brassens il n'y a pas d'amour heureux d' après un célèbre poème de Louis+Aragon 
*PRE,alors beaucoup de titres sur notre site internet relatif à Banlieues+89 à Paris euh 
*PRE,enfin au Grand Paris ou à aux publications de Roland+Castro dont la dernière de vos publications la longue lente périlleuse et poilue fabrique du rêve ce sont des mémoires parues chez L'Archipel l' an dernier trois+cents+deux pages vingt+et+un euros 
*PRE,nous retrouvions l'architecte Roland+Castro pour dans une troisième et dernière pour le moment conversation parler de la politique de l'architecture du remodelage des grands ensembles et du Grand Paris 
*PRE,la semaine prochaine nous parlerons un peu de Louis+Ferdinand+Céline dont sera le cinquantième anniversaire de la mort
*PRE,et surtout ensuite de l' érosion du patrimoine parisien avec l'historienne Marie+Jeanne+Dumont qui était récemment encore secrétaire général de la commission du Vieux Paris quand elle a démissionné 
*PRE,je vous rappelle que notre site internet offre divers services bibliographie calendrier index permet de télécharger l' émission durant une semaine 
*PRE,de l'écouter pendant un mois à n' importe quelle heure où que vous soyez et même à la Gare du Nord
*PRE,Gare du Nord il y a des bateaux amarrés comme de longs paquebots destination Moscou Rotterdam ou Oslo
*PRE,Gare du Nord il y a des bateaux
*PRE,Gare du Nord il y a des bateaux auprès des trains de banlieue au repos et bousculent de rêve nos train-train conjugaux
*PRE,Gare du Nord il y a des bateaux mais Gare du Nord il y a des milliers de gens qui ne prendront jamais le temps de s' arrêter
*PRE,de s' arrêter pour regarder les grands navires
*PRE,Marc+Robine Gare du Nord 1990
*PRE,c' était Métropolitain une mission de François+Chaslin réalisation Viviane+Noël avec au jeu et à la technique Martin+Delafosse
*ARC,ah je crois oui on a détruit un bâtiment formidable qui est un LCR cubique traversé d' une grande flèche 
*ARC,oui qui était un pavillon solaire c' était un be~ un
*ARC,dans le village solaire de xxx un petit bâtiment de neuf mètres sur neuf mètres sur neuf mètres
*ARC,c' est effrayant 
*ARC,beh ils m'ont mais j' ai pas été prévenu c'est c'est quatre ans plus tard que j' ai découvert que c'était détruit
*ARC,hum Aillaud est une sorte de poète trop naïf qui a qui a pas vu qu' il y avait des du dedans et du dehors par exemple on peut dire ça comme ça
*ARC,alors bon dans le désastre de de cette période c'est c'est assez intéressant 
*ARC,y compris les xxx c' était assez intéressant
*ARC,en même temps euh il faut voir que il donnait beaucoup de surface donc il y a très peu d' éléments d' appropriation extérieure
*ARC,par contre il y a un grand parc public mais il y a il y a très peu d' appropriation personnelle de chaque habitant 
*ARC,c' est quand même extrêmement conceptuel et c' est extrêmement po~ non poreux rapport au reste du quartier
*ARC,donc moi j' étais plutôt d' accord avec Devillers 
*ARC,bien sûr
*ARC,et je pense qu'il y a tout un travail de patrimonialisation des grands ensembles que que vraiment je trouve très souvent misérable
*ARC,oui mais c' est c' est franchement il faut faire le débat avec les habitants quoi
*ARC,la bonne idée serait d' avoir le débat sur la beauté plastique bouleversante de cette courbe avec les gens qui sont dedans 
*ARC,alors moi je veux bien il y avait le grand numéro aussi de la beauté plastique bouleversante de la grande barre de la Caravelle de trois+cent+quatre+vingts mètres 
*ARC,de Dubuisson
*ARC,et coupé en deux endroits
*ARC,bon j' ai eu raison de le faire et et voilà
*ARC,et et alors l' argument qu'on m'avait donné à l' époque c' est qu' il y avait eu un défilé de mode euh devant cette barre 
*ARC,effectivement il y avait il y avait un art plastique d' arriver à faire l' unité absolue de trois+cent+quatre+vingts mètres avec une espèce d'effet de x informatique
*ARC,bon plastiquement c' était très beau
*ARC,c' était une oeuvre d' art contemporain
*ARC,est ce que c' était habitable bon
*ARC,oui oui il a raison Devillers a raison
*ARC, euh il y a des moments où où où c'est même totalement absurde
*ARC,bon il y a une procédure de classement actuellement d' un d' un ensemble de Candilis qui ferait exploser de rire Candilis lui même
*ARC,oh c'est à Bobigny
*ARC,je pense que vouloir euh absolument euh conserver l' intégralité de l' oeuvre ça ne tient pas debout
*ARC,non mais le deuil ça c' est vrai alors par contre sur le deuil
*ARC,ça je vais dire des choses parce que j' ai démoli par endroits
*ARC,sauf que peu moi je suis je suis pour ne démolir que pour des raisons urbaines
*ARC,par ailleurs je suis pour remodeler
*ARC,vous avez parlé de l'Anru l' agence de rénovation urbaine
*ARC,je pense qu' elle a créé une logique de guichet absurde dans lequel elle donne plus d' argent pour les démolitions que pour euh plutôt le remodelage
*ARC,donc je pense qu' il faut faire des projets
*ARC,et il faut des fois démolir surtout pour des raisons urbaines
*ARC,ou si le bâtiment est inremodelable ce qui est rarissime
*ARC,la métamorphose qu' on a fait par exemple à Lorient bâtiment particulièrement hideux
*ARC,très impressionnant
*ARC,donc dans beaucoup d' endroits c' est possible 
*ARC,alors le le le deuil par contre ça c' est une vraie question
*ARC,parce que ça je sais que prenons l' exemple de Lorient on a écrété les bâtiments donc enlevé quelques étages 
*ARC,absolument bouleversant pour des gens de voir 
*ARC,une une une veuve qui voit que l' endroit où son mari est mort euh disparaît en fumée
*ARC,c'est effrayant ça bon
*ARC,et je me souviens extrêmement bien de la première barre de la Courneuve qu' on explose
*ARC,où évidemment provocateur comme je suis j' avais dû dire une connerie du genre
*ARC,on on vu le x qu' on fait là on aurait mieux fait de laisser les gens dedans
*ARC,parce que ça donnait le sentiment de 
*ARC,comme en plus c' est plein de travailleurs immigrés et cetera donc c'était effrayant de de de violence
*ARC,bon passons sur le fait qu' on a que Jean+Michel+Jarre avait failli faire un grand spectacle artistique de ça à Lyon pour les Minguettes 
*ARC,bon euh alors effectivement il y a une extrême beauté de de la démolition d' un bâtiment
*ARC,sauf que les gens qui ont habité dedans c' est une douleur épouvantable
*ARC,quand c'est dans un film de Buñuel euh de l' époque surréaliste parfois le dimanche et on voit une façade d' immeuble qui se casse la gueule
*ARC,on éclate de rire c'est drôle
*ARC,oui mais alors très souvent c' est comme c' est tellement répétitif on est pas obligé d' en conserver tout
*ARC,parce que on s' appuie sur il y a des bâtiments plutôt bien faits
*ARC,en général ce qui est très mal fait c'est l' urbanisme de tout ça
*ARC,il y a des morceaux de bâtiments qui sont très bien
*ARC,il y a des halls d' entrée très beaux
*ARC,il y a des détails qui sont très intéressants mais comme ils sont ultra répétitifs euh on peut on peut en casser un peu si on a des raisons urbaines bon
*ARC,alors l' autre raison c' est que euh moins on démolit plus on modèle
*ARC,et plus on on est en plus intelligents par rapport à une crise du logement
*ARC,donc effectivement il y a quelque chose de totalement absurde de voir des gens dormir dans la rue et en même temps de démolir des bâtiments donc il faut le faire le minimum a minima 
*ARC,ah non ce qu'il y a de formidable par contre moi je prends l' exemple de ce qu' on a toujours vécu à chaque fois qu' on a remodelé un quartier
*ARC,c' est que bon les gens reçoivent à nouveau chez eux il y a une fierté d' habiter enfin bon 
*ARC,moi je sais que je je peux retourner dans les endroits que j'ai transformé parce que au contraire ça ça ça marche
*ARC,passons sur le fait que dans les le fameux grand ensemble dont vous parlez la Caravelle qui était un des cinq entre guillemets les plus criminogènes de la région parisienne comme le dit le rapport de police 
*ARC,il y a pas eu d' émeutes en 2005
*ARC,j'y suis retourné récemment encore avec le ministre de la ville Maurice+Leroy euh
*ARC,le chô~ le taux de chômage a baissé de 5% au quartier 
*ARC,il y a eu un article du Parisien euh à ce sujet bon
*ARC,donc le le la fierté d' habiter y compris le moral pour retrouver du boulot c' est c' est ça existe c' est une vraie réalité 
*ARC,alors Lacan
*ARC,rapidement [!= rit] Lacan raconte que le sujet que vous François+Chaslin ou monsieur qui nous qui nous écrit 
*ARC,il dit que le sujet c' est composé de
*ARC,c'est comme un noeud le
*ARC, il parle du noeud borroméen
*ARC,le noeud borroméen c'est trois brins ronds noués d'une certaine manière
*ARC,entre eux
*ARC,qui font quand on coupe un
*ARC,des brins
*ARC,tous les deux autres se barrent tout se barre
*ARC,donc euh il dit que le sujet le réel l' imaginaire et le symbolique
*ARC, alors le réel 
*ARC,c' est euh le sexuel on a qu'à dire chez Lacan le réel
*ARC,le symbolique c' est le nom du père 
*ARC,voilà en gros et l' imaginaire c' est euh
*ARC,c' est tout ce qu' on s' invente quoi bon
*ARC,alors quand un de ces brins est coupé
*ARC,alors dans le cas de de de la psychose ben c'est le brin euh du symbolique qui fout le camp
*ARC,quand le nom du père fout le camp
*ARC,quand le rapport au père explose chez un sujet
*ARC,chez n' importe qui
*ARC,eh ben euh la psychose peut apparaître quoi voilà
*ARC,la psychose on devient fou quoi
*ARC,en architecture [!= rit] le le réel c' est là où j' habite voilà bon 
*ARC,l'imaginaire c' est là où je sais que que je peux aller
*ARC,comme ça c' est l'ailleurs de mon habitat
*ARC,et le symbolique c' est tout ce qui est gratuit dans la ville où j' habite
*ARC, tout ce qui est monumental
*ARC,tout ce qui est de l' ordre de de de ce que Bataille appelle la dépense ostentatoire par exemple 
*ARC,si si mon école à côté de chez moi une école de la Troisième+République
*ARC,ben on verra qu' il y a de l' argent pour la porte d' entrée
*ARC,il y a il y a un ornement spécial
*ARC,il y a une manière de dire
*ARC,ici on instruit
*ARC,et ça c' est symbolique
*ARC,c'est+à+dire qu'il n'y a pas uniquement euh ce qu' il faut comme classe euh
*ARC,ce qu'il faut comme comme surface pour euh la bibliothèque
*ARC,mais il y a euh il y a du sens voilà du sens bon
*ARC,alors il y a évidemment le symbolique le plus connu c' est le monument
*ARC,le monument qui sert strictement à rien
*ARC,mais qui sert justement à euh euh donner sens à la cité
*ARC,donc il y a voilà dans Paris euh 
*ARC,il y a des tas de gens qui sont là qui sont posés il y a des sculptures
*ARC,il y a des il y a des bâtiments
*ARC,le symbolique c' est ce que tous les grands médias ont utilisé
*ARC,non pas forcément non il y a le monument il y a il y a tous les les les religions en ont construit beaucoup merci euh
*ARC,il y a il y a aujourd'hui il y a des tas de il y a une religion qui veut en construire d' ailleurs il faut qu' ils construisent
*ARC,y compris comme elle veut et avec y compris euh
*ARC,le phallus qu' elle veut pour mettre quelqu' un au bout qui en france
*ARC, en france ne pendant ne ne ne parlerait pas à cinq heures du matin
*ARC,mais voilà donc le symbolique
*ARC,donc s'il y a une ville
*ARC, une ville euh purement fonctionnelle
*ARC,dans lequel j' habite
*ARC,euh et dans lequel je suis enfermé j' ai même pas le sentiment qu' il y a de l' ailleurs euh
*ARC,et en plus il y a zéro symbolique
*ARC,ou alors euh on est euh le symbolique dans certains grands ensembles c' était effrayant
*ARC, c' était le château d' eau la chaufferie
*ARC,les grands monuments c'est château d' eau chaufferie bon 
*ARC,alors il faut de la flotte il faut chauffer d' accord 
*ARC,mais c' est pas c'est un symbolique médiocre 
*ARC,donc voilà donc dans le Grand Paris 
*ARC,on a nous dit il faut qu' il y ait des mille+et+un villages
*ARC,mille+et+un lieux où on habite 
*ARC,identifiables différents singuliers et cetera
*ARC,mais enfin on habite
*ARC,il faut qu' il y ait du symbolique
*ARC,des nouveaux symboliques en plus liés à la situation présente de notre société 
*ARC,donc lié à la question écologique ou la ou la question du savoir
*ARC,lié à la question de la république métissée à construire par exemple
*ARC,et puis il y a de l' ailleurs et dans le Grand Paris par exemple il y a un ailleurs incroyable 
*ARC,oui c' est terrible
*ARC,ça devait être un
*ARC,à vrai dire sur la place de Paris ça devait être le seul qui me connaissait pas
*ARC,et donc par miracle il m' a
*ARC,je p~ je paye ma psychanalyse
*ARC,je suis très très mal
*ARC,et il m' a embauché bon
*ARC,alors euh c'était un peu
*ARC,on était alignés quand même
*ARC,on était alignés c' était pas très agréable 
*ARC,on était alignés et surtout sa fille [!= rit]
*ARC,ils habitaient au dessus
*ARC,jouait la Lettre+à+Élise [!= chante]
*ARC,alors j'en avais marre de la Lettre+à+Élise à vrai dire
*ARC,et puis ce qui me fait marrer c' est que au bout 
*ARC,je suis arrivé très mal
*ARC,et puis au bout de deux trois semaines je commence à aller mieux quoi
*ARC,et c' est assez amusant parce que
*ARC, je je retourne voir Lacan à ce moment là c' est le début de mon analyse
*ARC,et je lui dis ah ça va mieux je refais le con enfin bref que
*ARC,voilà je recommence
*ARC, c' est l' hystérie l'hystérique revient 
*ARC,et il a quand même
*ARC,c' est le seul truc que j' ai retenu de ce qu' il m'a dit au fond
*ARC,il m'a dit n' en faites pas trop
*ARC,n'en faites pas trop alors régulièrement je me dis qu'il m'a dit n' en faites pas trop
*ARC,moi perso j'en fais beaucoup
*ARC,là donc Lacan me dirait n' en faites pas trop
*ARC,oui oui il y avait bon
*ARC,il y a une bande d' amis pour réfléchir un peu sur la question de
*ARC,sûrement théorie de l' architecture à l' époque 
*ARC,ni Grumbach ni Christian+de+Portzamparc ni ni moi n' avions de travail
*ARC,il y avait Jean+Paul de l' équipe vient de mourir qui était avec nous
*ARC,il y avait Gilles+Olive qui est ingénieur
*ARC,il y avait Guy+Naizot il y avait Jean+Pierre+Buffi
*ARC,personne n'avait de travail
*ARC,donc on a beaucoup réfléchi aux fondements théoriques de l'architecture
*ARC,par ailleurs on a fait une bande de copains qui étaient en gros les nègres d' une boîte dans laquelle j' étais 
*ARC,qui s'appelait xxxxx
*ARC,dans lequel j' ai fait mon avec
*ARC,d' ailleurs mon premier bâtiment qui n'est pas signé de moi mais qui qui est le premier que j' ai fait de a à z rue Allongé 
*ARC,qui m' a fallu d' ailleurs 
*ARC,ça m' a~ ça m' amuse parce que ce ce bâtiment a été taxé d'exhibitionniste par mon ennemi mortel qui s' appelle euh 
*ARC,Frédéric+Edelmann 
*ARC,qui qui n'en met qui n'en man~ qui n'en loupe jamais une pour me cracher dessus
*ARC, et qui m' avait craché dessus bien que ce bâtiment ne soit pas signé de moi
*ARC,en le traitant en le taxant d'exhibitionniste
*ARC,et en effet il me ressemble pas mal
*ARC,ce bâtiment me ressemble pas mal parce qu' il y a des grands jardins d' hiver qui sont en expansion sur la façade avec des grands systèmes de de de bacs à fleurs qui débordent
*ARC,il est euh il il me ressemble pas mal
*ARC,c' est c' est c' est une amie qui m' avait donné ce concept 
*ARC,une architecture qui vous ressemble
*ARC,et c'est vrai que quand je regarde le travail de Christian+de+Portzamparc je trouve que ça lui ressemble 
*ARC,c'est extrêmement
*ARC,frêle frêle mais magnifiquement planté comme euh son aristocratie de longue lignage se voit
*ARC,Antoine+Grumbach il les xxx
*ARC,il fait des couches Antoine fait des couches 
*ARC,et il était il te raconte ça il
*ARC,xxx et il fait ça bon
*ARC,donc moi j' ai fait une architecture qui me ressemble 
*ARC,et effectivement on a fait une bande de copains alors
*ARC,on a une histoire formidable ça marche très bien au début
*ARC,on gagne un concours à la Roche+sur+Yon formidable
*ARC, le centre un des premiers concours de centre+ville 
*ARC,enfin une sorte de grand cristal palace sur la place Napoléon
*ARC,on a un on on on a une commande directe d' un centre de congrès dans le parc thermal de Vichy
*ARC,enfin bon d' ailleurs on a fait un projet moderne dans le parc thermal de Vichy
*ARC,et puis on a une sorte de Grand Paris à faire à Villeneuve+sur+Lot
*ARC,on fait tout Villeneuve+sur+Lot
*ARC,on fait tout ce qu'il faut faire à Villeneuve+sur+Lot
*ARC,et puis tout se casse la gueule
*ARC,aux élections municipales
*ARC,il nous reste plus qu' un concours 
*ARC,on espère tenir encore
*ARC,et c'est alors c' est une histoire magnifique en même temps
*ARC,qui me qui me libère d' un point de vue du fait que c' était tout en bande 
*ARC,c' est euh les hauts+de+forme de Christian+de+Portzamparc
*ARC,on perd d'ailleurs
*ARC,on vient on arrive à la RIVP ça s'appelle
*ARC,on pose notre maquette dans l' implant
*ARC,c' est à côté des grandes tours de
*ARC,il y a une faculté verticale 
*ARC,voilà c' est à côté
*ARC,on pose notre projet on le trouve pas mal on est contents
*ARC, là dessus Christian arrive en retard
*ARC,oui ventru mais attends j'ai pas fini l'histoire attendez j'ai pas fini 
*ARC,alors Christian pose son bâti son truc et moi 
*ARC,je dis aux maîtres d' ouvrage pas la peine de réunir le jury je dis à mes copains on est morts
*ARC,là tac !
*ARC,pas besoin de réunir le jury voilà il y a
*ARC,c' était un projet absolument génial voilà 
*ARC,d'ailleurs pendant des années quand j'avais quelque chose à montrer dans Paris j'amenais les gens voir quelque chose d' intelligent et de et de poétique 
*ARC,et là on est morts complètement
*ARC,et donc à ce moment là je commence à être tout seul 
*ARC,et je deviens architecte+conseil de la ville d' Angoulême
*ARC,oui c'est le premier oui c'est en quatre+vingts quarante ans
*ARC,elle est trois bâtiments en un il y en a un qui est plutôt euh 
*ARC,euh référence à un constructiviste russe Golossov elle est assez années trente en face de la clinique années trente
*ARC, elle est elle est en architecture végétale de l' autre côté du côté des pavillons
*ARC, c' est une oeuvre composite on 
*ARC, c'est une première oeuvre autobiographique alors donc qui raconte quatorze histoires
*ARC,elle est extrêmement boulimique d' histoire
*ARC,dans le tout dans cinq+mille mètres carré
*ARC,ce qu' elle a de mieux c' est que euh elle est euh
*ARC,elle est extrêmement publique
*ARC,les bureaux sont tout petits
*ARC,les coursives sont très grandes
*ARC,le la l' espace public de cette bourse est très grand 
*ARC,et et et pas du tout rentable comme comme on dit dans le business du bâtiment
*ARC,il y a les circulations sont énormes par rapport à l' utilisation des lieux
*ARC,mais comme c' est des syndicats
*ARC,très souvent ils ont des placards qu' il y a pas grand monde
*ARC, c' est pas très souvent utilisé par contre euh
*ARC,le les couloirs sont vachement importants et c' est un
*ARC,je crois que ça marche alors bon c' est un des hauts lieux de la 
*ARC,de la de la ligue communiste maintenant
*ARC,ben [=! soupir] euh oui il y a des choses que vous connaissez pas mais moi je raconte oui
*ARC,c' est c'est si je raconte pas d' histoires un bâtiment ne m'intéresse pas donc euh
*ARC,même un simple bâtiment donc euh
*ARC,là là il est oui moi je trouve que
*ARC,enfin prenons une échelle de quartier dans mon travail
*ARC, moi maintenant je fais plus de p~  enfin je suis bien obligé de faire la fin ce qu' on appelle un plan x
*ARC, mais euh 
*ARC, je raisonne comme un promeneur quand je fais un quartier par exemple
*ARC,raisonne comme un promeneur
*ARC,je cherche des surprises des accidents
*ARC,je suis alors des fois on peut dire on trace un grand avenue
*ARC,mais après je cherche plutôt euh
*ARC, le les petits bonheurs urbains que que n' importe quel promeneur ramasse quoi
*ARC,oui oui oui enfin il faudrait que vous alliez voir 
*ARC,je suis pas un fan de l' architecture moderne si je puis dire enfin en tout cas je trouve que 
*ARC,si on veut voir au moins un bon travail malheureusement faut aller en banlieue pour le voir donc personne y va 
*ARC,enfin si on va voir un peu on peut aller voir quand même à Stains ou à Bobigny ou ailleurs
*ARC, mais ou à Juvisy enfin bon
*ARC, c'était pas mal de choses à voir maintenant mais mais mais prenons ce travail qui est dans Paris qui est pratique
*ARC,ça se passe cent+neuf rue de Bagnolet il y a un hôtel une médiathèque
*ARC,des logements au+dessus un nouvel escalier très joli se trouve bon
*ARC,c' est atemporel 
*ARC,c'est pas il y a des gens qui croient que j'ai réhabilité un bâtiment
*ARC,oui non un petit peu oui 
*ARC, je crois j' ai été mentionné mentionné à la Défense 
*ARC,et jardins de la Villette surtout
*ARC,ah si et plus pire que ça 
*ARC,pire que ça il m' est arrivé une histoire 
*ARC,on serait en monarchie c' est moi qui aurait fait les jardins de la Villette
*ARC,l' histoire n' est pas connue mais
*ARC, il y avait euh neuf projets qui étaient encore en lice pour la suite et onze qui était mentionnés 
*ARC,sur les cinq+cents j' étais dans le paquet des vingts
*ARC,quand Mitterrand se balade
*ARC,on lui en montre vingt 
*ARC,on lui précise d' ailleurs pas lequel est lesquels sont encore en course et lesquels ne sont plus en course on juste euh
*ARC,renommé mais il y avait eu cinq+cents projets 
*ARC,et il voit le mien et il dit c' est là que j' aimerais me promener
*ARC,panique à bord 
*ARC,on explique au président
*ARC,qu'il vaut mieux prendre Colas ou Tschumi 
*ARC,que c' est pas possible que que ils sont
*ARC, que moi c' est uniquement on nous a donné je crois euh cent+mille francs d' ailleurs je me souviens une grosse somme à l' époque
*ARC,avec euh voilà et et euh bon 
*ARC, comme on n' est pas en monarchie je n' ai pas fait ce genre là mais alors 
*ARC,il y a des tas de projets dont je suis pas nostalgique du tout 
*ARC,sur le monde arabe j' avais fait un truc pas bien du tout et nouvelle un projet génial donc tout va bien
*ARC,alors mon jardin de la Villette
*ARC,c' est affreux les architectes
*ARC, je le vois toujours
*ARC,il y avait des je le vois toujours je voilà 
*ARC,il y a des projets il y a des morceaux de la ville que je vois que personne ne voit évidemment mais que je vois
*ARC,et j' en suis encore nostalgique
*ARC,euh ça ça se passe en soixante+quatorze
*ARC, c' est Antoine+Grumbach et moi qui avons les commandes
*ARC, et alors on on découvre avec horreur
*ARC,on va dans dix villes 
*ARC,euh trois longues oui enfin je Pau enfin et cetera et cetera
*ARC,on découvre que dans les offices de HLM
*ARC,il y a pas de documents sur les
*ARC,de documents architectural urbain sur les projets 
*ARC,il y a des dossiers avec des numéros
*ARC,les quatre+cent+cinquante+trois les cinq+cent+vingt+sept 
*ARC,très souvent sur les plans des villes
*ARC, les grands ensembles ne sont pas dessinés
*ARC,on découvre que c~ c'est une gestion quantitative quoi voilà
*ARC,euh c'est une première découverte absolument euh très bouleversante d' ailleurs très étrange tu tu tu as une toute la ville qui est dessinée sauf ces morceaux là bon 
*ARC,euh et on a commencé à faire une enquête 
*ARC,on évidemment on a fait des dessins emblématiques
*ARC, xx des bois dans le grand grand ensemble on a on colle la Place des Vosges euh
*ARC, elle rentre dans entre des barres euh énormes très longues très très très basses
*ARC,elle elle tient deux fois à la place des
*ARC,enfin on découvre on mesure l'espace 
*ARC,on fait toutes sortes de comparaisons
*ARC,on a même une commande à ce moment là
*ARC,à Ausanville près de Nancy et à Ausanville près de Nancy on a fait en dessin 
*ARC,déjà du remodelage
*ARC,déjà de l' accompagnement par des bâtiments nouveaux enfin on a on a retricoté un quartier dans le quartier en mode dans les barres
*ARC,est ce qu'on démolissait beaucoup je me souviens pas mais en tout cas on
*ARC,on rajoutait sur les barres existantes et on retricotait avec des petits bâtiments 
*ARC,que d' ailleurs Grumbach appelait des maisonnées 
*ARC,on on retricotait de de l'urbain
*ARC,on on faisait de la continuité urbaine dans un 
*ARC,oui c'est ça et
*ARC,on avait vu personne et les sociologues nous ont déz~ dézingué sur le thème
*ARC,n'ont pas été voir les habitants et cetera et cetera bon
*ARC,d'ailleurs un débat qui qui a duré dix ans entre les sociologues qui disaient le bâti ne compte pas
*ARC,les architectes commençaient à dire que ça existait 
*ARC,ça se passe en soixante+quatorze
*ARC,donc c' est la première fois qu' on parle de remodelage enfin que j' en que je parle d' xxx
*ARC,bon je n' arrive à construire que euh allez quinze ans plus tard
*ARC,c' est+à+dire à peu près euh même le début de Banlieues+89 euh 
*ARC,dans on est aux alentours des années quatre+vingt+sept quatre+vingt+huit que j' arrive à Lorient que je commence le premier projet de remodelage 
*ARC,et donc euh le temps de la maturité de ce genre de de 
*ARC,le temps de maturation
*ARC,alors je me souviens que xx et xxx avaient fait aussi un projet 
*ARC,en même temps que nous en soixante+quatorze
*ARC,et d' ailleurs un projet qui est qui est construit aujourd'hui à Marseille je me souviens plus très bien où mais
*ARC, ils avaient ils ont construit eux à Marseille
*ARC,et puis c' est seulement 
*ARC,[=!soupir] quatorze ans plus tard que j' arrive à enfin attaquer un projet de ce type à nouveau le ça se passe à Lorient
*ARC,bon là c' est c' est c' est plus connu parce que évidemment c'est trois grandes barres parallèles
*ARC,euh en plus euh de onze étages 
*ARC,en plus avec des rez+de+chaussée totalement opaques parce que c' est un terrain vaseux donc euh
*ARC,euh plus un système où on avait réhabilité une première fois en dessinant des cibles enfin c' était effrayant
*ARC, là bon je depuis je cherche comment c' est arrivé c'est arrivé en tout cas très vite quoi 
*ARC,on a taillé une rue on a écrété les bâtiments rajouté des morceaux de bâtiments
*ARC,le projet est arrivé très très vite 
*ARC,on l' a publié dans toute la ville je me souviens que pour convaincre le maire on a été on avait fait une maquette avant après
*ARC,on a été on a pris un bateau on est allé sur la mer
*ARC,on on est revenu je lui ai dis voilà ta façade actuelle 
*ARC, la façade de Lorient vue de la mer 
*ARC,voilà la nouvelle façade 
*ARC,et et et euh bon ce projet là marque le début du 
*ARC,Ségolène Royal
*ARC,qui avait alors je vais vous dire pour ce monde infernal de courtisans
*ARC,euh bah c' est bien la seule qui avait des couilles
*ARC,non c' est effrayant les plans c'est
*ARC,il s' agit que le mot il s' agit que les endroits
*ARC, il s' agit que il s' agit que n' importe quel endroit où des gens habitent et sont en communauté puissent se dire
*ARC,là où j' habite et là où je suis ça vaut peut être la peine que d' autres viennent et que j' habite dignement 
*ARC,et ça veut dire que je suis pas perpétuellement euh à Châtelet
*ARC,mon mon lieu imaginaire à moi n'est pas forcément Châtelet
*ARC,le jour où à La+Courneuve il y aura des oeuvres d' art admirables de 
*ARC,César euh 
*ARC,on sera obligés d'aller à La+Courneuve c' est un peu ça notre principe notre idée c' est qu'il faut absolument
*ARC,qu' il faut absolument que les que les les endroits de banlieue les plus difficiles s' inventent
*ARC,les projets une histoire et des 
*ARC,façons de d' exister qui font que après tout ces endroits deviennent aussi dignes que d'autres
*ARC,tout à fait c' est c' est c' est ça c' est à dire et en effet quand on prend le bilan de ces efforts pour commencer
*ARC,il est vrai que le branché parisien euh sur la danse va au Fort+de+Champigny et fait l' effort d'aller au Fort+de+Champigny 
*ARC,et puis il y a pas beaucoup de gens de la banlieue de Champigny
*ARC,et puis c' est vrai que quand il y a le festival antillais ou radio beur il y a pas beaucoup euh de branchés parisiens 
*ARC, et et c' est un des un des une des choses les plus difficiles à obtenir surtout en ce moment où il y a cette espèce d' effet où les gens sont repliés sur leur communauté 
*ARC,et donc euh les communautés ont du mal à se fréquenter
*ARC,c' est un des un des enjeux de faire des efforts
*ARC,c'est que c' est que justement euh on peut dire l' année prochaine festival antillais
*ARC,euh il serait pas mal qu'il y ait plus de gens euh pas simplement antillais et cetera 
*ARC,bah je suis on on a on a fait bouger les esprits je pense voilà un peu
*ARC,donc cette question est devenue enfin publique
*ARC,euh elle est devenue sérieuse
*ARC,euh ça c' est même devenu vraiment sérieux quand Borloo a créé l' agence nationale de  rénovation urbaine 
*ARC,donc on est arrivé à à ça 
*ARC,Banlieues+89 soi+même c' est pas très connu mais il y a quand même des réussites précises
*ARC,euh le TGV sud+est ça a été enterré
*ARC,euh la ville de Châtenay+Malabry nous nous doit d' éviter une coupure euh dra~ dramatique
*ARC,le premier tram Saint+Denis Bobigny c'est Banlieues+89 qui l' a poussé donc euh 
*ARC,euh il y a même des grands travaux d' infrastructure qui ont commencé donc il y a des bouts de Grand Paris qui ont été faits 
*ARC,euh il y a quelques projets euh emblématiques qui ont été très bien
*ARC,Catherine+Furet a fait un très joli euh petit quartier à La+Courneuve par exemple euh 
*ARC,euh j' ai fait une tentative à Vénissieux transformation d' une tour qui est qui est devenue
*ARC,euh on réhabilitait deux deux logements au lieu de quatre et dans les les autres logements on a fait des grandes des grands systèmes où les gens pouvaient faire tout ce qu' ils voulaient donc ils avaient deux cents cent mètres carrés de terrasse par logement et on a vu euh 
*ARC,de des cultures d' appartement de des des des terrains de jeu pour les gosses incroyables des des ateliers de bricolage 
*ARC,un atelier de couture clandestin de vietnamiens enfin bon dans ce genre
*ARC, donc en en doublant la surface des tours euh système comme ça bon
*ARC,bon donc il y a eu des choses qui ont été faites trop peu 
*ARC,alors bon moi ma ma grande découverte c' est que le jour où je suis arrivé triomphant dans le bureau de Mitterrand lui disant euh
*ARC,euh on a fait des statistiques il est prouvé que là où il y a Banlieues+89 ça veut dire qu' il y a un maire qui est intelligent
*ARC,ça veut pas dire que que c' est uniquement la question urbaine mais là où il y a des maires qui sont proches de leur population
*ARC,qui font bouger les choses
*ARC,on a la preuve il y a un taux de vote Le Pen plus faible que dans le reste du pays
*ARC,4% par rapport aux 15% donc 11% au lieu de quinze
*ARC,il m' a dit Roland hein hein
*ARC,hein formidable hein ah formidable félicitations c'est formidable
*ARC,et puis les emmerdements ont commencé le lendemain quoi parce que ça l'arrangeait pas du tout
*ARC,j'ai mis dix ans à comprendre
*ARC,non pas Tapie qui a été ministre à ma place c'est Delebarre
*ARC,non non j'ai failli xxx j'aurais oui j'aurais aimé être ministre
*ARC,oui absolument
*ARC,euh c'était mais c'était après x
*ARC,c' est à dire au moment de la création du ministère de la ville c' est moi qui avait demandé la création du ministère de la ville 
*ARC,euh ça c' est moi il y a pas de doute
*ARC, parce que je savais je m'étais rendu compte que en France il y a pas de ministère les choses se font pas bon
*ARC,après j'ai été quinze jours euh comment ça s' appelle trois semaines ministrable ce qui m' a permis de vérifier que ma séduction avait triplé de volume pendant ces trois semaines 
*ARC,auprès des femmes c' est absolument formidable 
*ARC,j'ai découvert j'en ai appris sur la nature humaine
*ARC,j' ai ça m' a aussi appris des trucs sur moi+même puisque j' ai été déçu de pas l' être et j' ai trouvé que c' était 
*ARC, euh que donc ça va la connerie va assez vite dans la tronche voilà
*ARC,vous l'avez vu ?
*ARC,ah ben ça moi oui j' ai une opinion là dessus
*ARC,je crois qu' on se démerde et enfin bon ils me le mettront ils me le mettront sur ma tombe
*ARC,[!=rit] ils me le mettront sur ma tombe
*ARC,mais je crois que il y a voilà il y a des gens qui se débrouillent chaque année pour que je l'ai pas franchement honnêtement je maintenant je m' en fous
*ARC,ce serait très amusant qu'ils me le donnent mais je sais même pas si j''irai à la remise
*ARC,en gros on peut résumer Paris à être ce qui s'est fabriqué autour de la Seine et ce qui a résisté sur les monticules
*ARC,dans un système où il y a eu toujours un rapport entre le radial et le concentrique 
*ARC,grands boulevards dans les différentes enceintes qui sont détruits qui reproduisent euh de des circulations pas simplement xx du centre
*ARC,dans un rapport étroit à la géographie
*ARC, et puis alors dès qu' on sort de de Paris intra+muros par contre toute la production des des banlieues euh elle n' a pas du tout obéit aux mêmes lois elle elle s'est essentiellement fabriqué sur des radiales 
*ARC,de façon très technocratique à base de terrains pas chers à base de circulation rapide
*ARC,et pas du tout euh en regardant de près la géographie euh la Seine est totalement oubliée
*ARC,dès qu' on passe en banlieue
*ARC, alors que c' est un élément absolument fabuleux de la composition urbaine dans Paris donc euh 
*ARC,la première idée c' est de reprendre à nouveau un travail sur le tissu capillaire parallèle au périphérique euh 
*ARC,le périphérique a été une barrière qui a servi uniquement 
*ARC,au petit Paris et qui dessert totalement la proche couronne
*ARC,donc tout ce qui le double renforce le côté barrière entre Paris et sa banlieue par rapport à la question que pose xx
*ARC,nous on a fait cinq propositions
*ARC,d' abord de multiplier les échanges interbanlieues puisque la structure routière de la région parisienne c'est qu'il faut toujours passer par le centre par le périphérique pour aller d' un point de banlieue à un autre
*ARC, deuxièmement on propose euh de ref~ reboucler la petite ceinture
*ARC, transformer le périphérique en avenues en y installant les gares parisiennes
*ARC,troisièmement on propose d' interconnecter toutes les lignes de métro sur la ligne d' effort la ligne de crête d' efforts qui sont sur la proche couronne et qui sont comme par miracle sur le afin de toutes les lignes de métro parisienne 
*ARC,quatrièmement on propose que la A86 soit enfin faite
*ARC,qu' elle soit faite à la japonaise avec des piles très hautes et qu' elle ne casse pas le rapport qu' il pourrait y avoir entre l' intérieur et l'extérieur
*ARC,cinquièmement on propose que la cent+quatre+vingt+six la nationale soit traitée sur toute la périphérie 
*ARC,du grand Paris comme une avenue Foch avec un système routier et urbain 
*ARC,oui oui oui oui
*ARC,j'ai pas changé mais je me marrais parce que hier je sais pas pourquoi je relisais mes bouquins sur les maoïstes en France 
*ARC,et donc on parlait de Vive+la+Révolution on en a parlé dans toute l'émission 
*ARC,et j' ai je je crois quand j' ai dissous Vive+la+Révolution j'ai dit
*ARC,alors après deux heures de discours dont je me souviens pas du tout 
*ARC,en quand on se reverra il y aura un mouvement philosophique demain
*ARC,aujourd'hui je pense qu' on va arriver à un mouvement philosophique demain
*ARC,donc je me oui je ça me dé~ j' étais content de m' entendre parce que franchement à un poil près je suis d' accord avec ce que j'ai dit il y a vingt ans
*ARC,c' est pas parce qu' on a dit des choses il y a très longtemps qu'elles ne sont pas justes voilà
*ARC,donc c' est vrai que quand euh Sarkozy a lancé le grand Paris
*ARC,Silvia+Casi mon associée m' a dit tout de suite d' ailleurs on se met au boulot on a même pas attendu d'être pris 
*ARC,et euh moi j' avais peur de pas être pris pour une raison simple parce que je suis le l' idéal 
*ARC, c' est comme l' histoire du grand prix de l' urbanisme
*ARC,je suis le mec idéal euh qu' a eu raison trop tôt
*ARC,en France c' est une figure très connue de de notre imaginaire il y a des tas de mecs qui ont eu raison vachement tôt puis alors après on dit ah ben non c' est il avait raison trop tôt
*ARC,le moment où ça arrive on dit ah non pas celui là il avait raison trop tôt non non c' est pas bon là prophète 
*ARC,donc c' est rare qu' on arrive à être là au moment opportun quand on a eu raison trente ans avant bon
*ARC, mais quand même honnêtement j' avais raison trente ans avant
*ARC,en effet toutes les équipes du Grand Paris ont bossé sur la géographie 
*ARC,tout le monde a raconté des histoires tout le monde a mis les gares a commencé à pas à mettre les gares en dehors de Paris
*ARC,euh Christian l'a mis dans la enfin
*ARC,Christian de Portzamparc l'a mis directement là où on le proposait à l'époque et cetera
*ARC,oui oui
*ARC,oui oui ce que je trouve qu' est ce que ce que je pense évidemment de la du Grand Paris par rapport au petit Paris haussmannien 
*ARC,c' est que euh il est il est beaucoup plus composite 
*ARC,et plus il sera composite mieux il se portera
*ARC,mais j' emploie le mot patchwork parce que je pense qu' il faut bien régler les coutures entre les pièces du patchwork puis que par contre
*ARC,plus les pièces sont riches et assez différentes mieux on se porte
*ARC,par contre faut régler les coutures la beauté d' un patchwork c'est les coutures
*ARC,et puis en effet la manière dont les pièces sont disposées donc effectivement
*ARC,en même temps la profusion de pièces euh baroques étranges euh pas parce qu' on fait euh 
*ARC,euh plat à un endroit qui qu' on a le droit de faire des tours à côté 
*ARC,on peut faire des tours à côté de tours enfin moi je parle d' une bataille de xxxxx à l'échelle urbaine à l' échelle métropolitaine 
*ARC,oui on dit on dit compacité on dit intensité 
*ARC,et on dit même densité maintenant
*ARC,et en effet pourquoi parce que tout le monde sait enfin en tout cas il faudrait que tout le monde sache
*ARC,que les grands ensembles de barres et de tours sont très peu denses bien que donne un sentiment de densité accablant parce qu' il y a jamais de ciel au bout des rues
*ARC,qu'il y a jamais de rue d'ailleurs donc euh
*ARC,que donc c' est pour ça que c' est ça ça donne un sentiment d' étouffement et d' oppression alors que c'est pas dense juridiquement 
*ARC,et par contre euh voilà donc euh ça ça commence à se savoir et et par contre la bonne ville compacte
*ARC, le le le le le quartier dont je vous parlais rue de Bagnolet et que j'ai fait qui est là qu'on peut aller voir pour les auditeurs
*ARC,il y a en plus un resto très sympathique Mama+Shelter bref passons
*ARC,il a un Cos de cinq
*ARC,ah oui c' est vrai pardon non mais c' est moi qui souffre c'est moi qui souffre de ne pas avoir assez de choses à Paris
*ARC,alors euh il faut savoir que ce quartier là
*ARC,il a un Cos coefficient d' occupation du sol de cinq 
*ARC,c'est+à+dire cinq fois la surface est construite je dis ça pour les auditeurs
*ARC,donc voilà donc euh et pourtant on n' avait absolument pas de sentiment que c'est dense 
*ARC,au contraire il y a un escalier très sympa enfin bref euh voilà 
*ARC,donc la la ques~ enfin oui tous ces mots reviennent
*ARC,la dérégulation revient il y a plein il y a des bagarres énormes d' ailleurs si on veut faire enfin c'est peut+être l' image les gens l'ont vu Central Park à La+Courneuve
*ARC,bon ben si on veut le faire il faut bouger Natura+2000 c' est+à+dire il faut pouvoir euh euh construire 
*ARC,sur les bords d' une zone Natura+2000 reprendre refaire ailleurs du Natura+2000 ce qu' on a fait d' ailleurs dans la réflexion
*ARC,restituer mais par contre pour le moment il y a des zones sanctuarisées bon 
*ARC,il y a des endroits euh il y a toutes toutes les équipes ont parlé de dézonage
*ARC,hein il y a un énorme boulot de de Jean+Nouvel sur euh le dézonage comment on arrive à transformer mélanger les usines et l' habitat par exemple
*ARC,non mais c' est c' est vraiment des
*ARC,roh lo lo
*ARC,on a déjà un président on a déjà un mec qui est président banal la banalité devient une obligation non mais c' est vraiment absurde 
*ARC,et l' ordre des architectes s' oppose à ça
*ARC,j' ai pas vu le monde mais ça m' étonne pas 
*ARC,vraiment c' est dramatique
*ARC,de Yves+Lion Yves+Lion et Leclercq très bien
*ARC,ça créé une valeur économique c' est plus sympa on est pas obligé d'avoir tous ces pavillons tous identiques assez bêtes enfin bref
*ARC,du Grand Paris ?
*ARC,enfin non ce qui s' est passé en tout cas euh dans les équipes
*ARC,quand on voit un peu les bes~ les personnes dont il s' agit quand même hein c'est
*ARC,euh enfin bref vous prenez la liste euh
*ARC,euh moi je trouve que euh pendant tout le travail qu' on fait de du concours du Grand Paris enfin de la consultation
*ARC,euh je je pense qu' il y a plutôt eu euh 
*ARC,de la sympathie mutuelle des échanges mutuels que une bataille habituelle comme dans le cadre d' un concours
*ARC,on avait déjà gagné le concours bon
*ARC,en plus il y a une histoire longue bon quand je prends les sur les six français
*ARC,Djamel+Klouche c'est un jeune bon il est pas trop dans notre histoire 
*ARC,d' ailleurs c' est le plus influencé par des thèses un peu ou la sienne par exemple
*ARC,mais les autres Yves+Lion Christian+de+Portzamparc Antoine+Grumbach étaient consultants et moi+même on a été lauréats du Pan architecture nouvelle en soixante+quatorze
*ARC,ça fait trente+cinq ans qu' on pense surtout bon c' est pas c' est pas un drame
*ARC,ah bah ça vous pouvez raisonner comme ça mais c' est pas tellement le sujet euh
*ARC,on Jean+Nouvel a Cantal+Dupart dans son équipe qui avait fait avec moi le premier Grand Paris
*ARC,euh dans enfin je trouve qu'il y a aucune panique à avoir autour de cette histoire
*ARC,il y a simplement euh Rogers était venu me voir au moment où il faisait le Grand Londres on était copains euh bon bref
*ARC,donc il y avait beaucoup de de comment dire d' histoire commune 
*ARC,et et sur une question aussi sérieuse que la question urbaine c'est pas tout à fait un hasard si euh c'est notre génération qui a quand même le plus accumulé voilà 
*ARC,non
*ARC,ah formidable
*PRE2,la ville de Paris vient d' accepter de céder les quatre+mille à la ville de La+Courneuve qui sera enfin responsable de l' attribution des logements 
*PRE2,en contrepartie le gouvernement offre des crédits à la ville de Paris pour bâtir dix+mille HLM et en réhabiliter quinze+mille 
*PRE2,cet accord politique permet de débloquer une situation figée depuis dix ans et de commencer la réhabilitation des quatre+mille 
*PRE2,on engagera des travaux d' urgence dès le quinze octobre sur deux+mille+sept+cents logements en rouge ici coût cinquante+mille francs environ par logement
*PRE2,en attendant qu' au printemps cent+trente+cinq autres logements en bleu soient totalement remis en état 
*PRE3,mais dites moi Roland Castro ce sont les mentalités qu' il faut changer parce que dans un premier temps il faut dire aux banlieusards
*PRE3,enfin il faut faire en sorte que les banlieusards se sentent bien dans leur banlieue
*PRE3,et puis on peut peut+être dire aux parisiens intra+muros
*PRE3,allez voir un peu franchissez ce qu' on appelle les barrières hein le
*PRE3,franchissez les barrières allez voir c' est pas mal non plus
*PRE3,donc c' est une double démarche 
*PRE4,le nouveau boulevard périphérique de Paris c' est un peu comme le tunnel sous la Manche
*PRE4, il y a des années qu' on en parle et on ne le voit toujours pas venir mais on continue elle étudiait très sérieusement 
*PRE4,le projet le plus couramment avancé consisterait à doubler le périphérique sud qui est saturé par une voie aérienne au dessus de l' actuelle
*PRE4,pour l' instant le ministre de l' environnement Alain+Carignon n' a pas dit non mais il faut encore étudier les incidences de ce projet 
*PRE4,d' autant que d' autres projets sont également à l' étude
*PRE4,pour Roland+Castro le responsable de l' association Banlieues+89 il ne faudrait pas trop créer de coupures entre Paris et la banlieue comme il l' a expliqué à Bernard+Gavignet 
*CHA,rien n' est jamais acquis à l' homme ni sa force
*CHA,ni sa faiblesse ni son coeur 
*CHA,et quand il croit ouvrir ses bras son ombre est celle d' une croix
*CHA,et quand il veut serrer son bonheur il le broie
*CHA,sa vie est un étrange et douloureux divorce 
